{"cameraMode":{"drawMode":0,"name":"Shaded","section":"Shading Mode"},"sceneLighting":false,"audioPlay":false,"sceneViewState":{"showFog":true,"showMaterialUpdate":false,"showSkybox":true,"showFlares":true,"showImageEffects":true,"showParticleSystems":true},"in2DMode":false,"pivot":{"x":-17.41802978515625,"y":-4.811763763427734,"z":-2.725131034851074},"rotation":{"x":-0.09987050294876099,"y":0.7567699551582336,"z":-0.11903215199708939,"w":-0.6349461078643799},"size":21.60767936706543,"orthographic":false}