{"cameraMode":{"drawMode":0,"name":"Shaded","section":"Shading Mode"},"sceneLighting":false,"audioPlay":false,"sceneViewState":{"showFog":true,"showMaterialUpdate":false,"showSkybox":true,"showFlares":true,"showImageEffects":true,"showParticleSystems":true},"in2DMode":false,"pivot":{"x":19.14482879638672,"y":-16.229084014892579,"z":61.0706901550293},"rotation":{"x":-0.3076305687427521,"y":-0.42344677448272707,"z":0.15548861026763917,"w":-0.8377825617790222},"size":67.91372680664063,"orthographic":false}