{"cameraMode":{"drawMode":0,"name":"Shaded","section":"Shading Mode"},"sceneLighting":false,"audioPlay":false,"sceneViewState":{"showFog":true,"showMaterialUpdate":false,"showSkybox":true,"showFlares":true,"showImageEffects":true,"showParticleSystems":true},"in2DMode":false,"pivot":{"x":-7.349485874176025,"y":79.56346130371094,"z":2.54245662689209},"rotation":{"x":0.03290141001343727,"y":-0.9620845317840576,"z":0.13480770587921143,"w":0.23481445014476777},"size":17.34718894958496,"orthographic":false}