{"cameraMode":{"drawMode":0,"name":"Shaded","section":"Shading Mode"},"sceneLighting":true,"audioPlay":false,"sceneViewState":{"showFog":false,"showMaterialUpdate":false,"showSkybox":false,"showFlares":false,"showImageEffects":false,"showParticleSystems":false},"in2DMode":false,"pivot":{"x":-32.46703338623047,"y":-18.224218368530275,"z":170.3953857421875},"rotation":{"x":0.05465499311685562,"y":-0.09216038882732392,"z":0.0050649759359657768,"w":0.9942302107810974},"size":186.7299041748047,"orthographic":false}