{"cameraMode":{"drawMode":0,"name":"Shaded","section":"Shading Mode"},"sceneLighting":false,"audioPlay":false,"sceneViewState":{"showFog":true,"showMaterialUpdate":false,"showSkybox":true,"showFlares":true,"showImageEffects":true,"showParticleSystems":true},"in2DMode":false,"pivot":{"x":0.4000000059604645,"y":1.6799999475479127,"z":2.0899999141693117},"rotation":{"x":0.2847002446651459,"y":-0.4619523286819458,"z":0.15947553515434266,"w":0.8246899247169495},"size":22.0,"orthographic":false}