{"cameraMode":{"drawMode":0,"name":"Shaded","section":"Shading Mode"},"sceneLighting":false,"audioPlay":false,"sceneViewState":{"showFog":true,"showMaterialUpdate":false,"showSkybox":true,"showFlares":true,"showImageEffects":true,"showParticleSystems":true},"in2DMode":false,"pivot":{"x":-140.9930877685547,"y":-5.508843421936035,"z":-61.519229888916019},"rotation":{"x":-0.1446865200996399,"y":-0.7075839638710022,"z":0.15171177685260774,"w":-0.6748142838478088},"size":8.62351131439209,"orthographic":false}