{"cameraMode":{"drawMode":0,"name":"Shaded","section":"Shading Mode"},"sceneLighting":false,"audioPlay":false,"sceneViewState":{"showFog":true,"showMaterialUpdate":false,"showSkybox":true,"showFlares":true,"showImageEffects":true,"showParticleSystems":true},"in2DMode":false,"pivot":{"x":-14.95678997039795,"y":3.637204885482788,"z":2.451448678970337},"rotation":{"x":0.10232125967741013,"y":-0.8714678287506104,"z":0.2058078646659851,"w":0.4332636296749115},"size":53.618656158447269,"orthographic":false}