{"cameraMode":{"drawMode":0,"name":"Shaded","section":"Shading Mode"},"sceneLighting":false,"audioPlay":false,"sceneViewState":{"showFog":true,"showMaterialUpdate":false,"showSkybox":true,"showFlares":true,"showImageEffects":true,"showParticleSystems":true},"in2DMode":false,"pivot":{"x":-12.653528213500977,"y":-3.71899676322937,"z":78.33139038085938},"rotation":{"x":-0.11909859627485275,"y":0.8386087417602539,"z":-0.20336699485778809,"w":-0.4911138415336609},"size":53.618656158447269,"orthographic":false}