{"cameraMode":{"drawMode":0,"name":"Shaded","section":"Shading Mode"},"sceneLighting":false,"audioPlay":false,"sceneViewState":{"showFog":true,"showMaterialUpdate":false,"showSkybox":true,"showFlares":true,"showImageEffects":true,"showParticleSystems":true},"in2DMode":false,"pivot":{"x":4.549489974975586,"y":1.9024428129196168,"z":29.350873947143556},"rotation":{"x":-0.03082740306854248,"y":0.07191300392150879,"z":-0.0022232849150896074,"w":-0.9969319105148315},"size":48.576107025146487,"orthographic":false}