{"cameraMode":{"drawMode":0,"name":"Shaded","section":"Shading Mode"},"sceneLighting":false,"audioPlay":false,"sceneViewState":{"showFog":true,"showMaterialUpdate":false,"showSkybox":true,"showFlares":true,"showImageEffects":true,"showParticleSystems":true},"in2DMode":false,"pivot":{"x":85.38014221191406,"y":39.06687927246094,"z":70.99891662597656},"rotation":{"x":-0.04067731276154518,"y":-0.9478669166564941,"z":0.1349075734615326,"w":-0.28582122921943667},"size":28.578840255737306,"orthographic":false}