{"cameraMode":{"drawMode":0,"name":"Shaded","section":"Shading Mode"},"sceneLighting":false,"audioPlay":false,"sceneViewState":{"showFog":true,"showMaterialUpdate":false,"showSkybox":true,"showFlares":true,"showImageEffects":true,"showParticleSystems":true},"in2DMode":false,"pivot":{"x":-2.9151523113250734,"y":62.217987060546878,"z":-155.28805541992188},"rotation":{"x":-0.050832539796829227,"y":-0.9416106939315796,"z":0.1658809930086136,"w":-0.28856372833251955},"size":3.777026653289795,"orthographic":false}