{"cameraMode":{"drawMode":0,"name":"Shaded","section":"Shading Mode"},"sceneLighting":false,"audioPlay":false,"sceneViewState":{"showFog":true,"showMaterialUpdate":false,"showSkybox":true,"showFlares":true,"showImageEffects":true,"showParticleSystems":true},"in2DMode":false,"pivot":{"x":26.81884765625,"y":187.96231079101563,"z":-53.57615280151367},"rotation":{"x":0.058515943586826327,"y":0.9414818286895752,"z":-0.23585055768489839,"w":0.23358595371246339},"size":141.40028381347657,"orthographic":false}