{"cameraMode":{"drawMode":0,"name":"Shaded","section":"Shading Mode"},"sceneLighting":false,"audioPlay":false,"sceneViewState":{"showFog":true,"showMaterialUpdate":false,"showSkybox":true,"showFlares":true,"showImageEffects":true,"showParticleSystems":true},"in2DMode":false,"pivot":{"x":36.171260833740237,"y":-180.6516571044922,"z":-21.699169158935548},"rotation":{"x":0.012282750569283963,"y":0.3542380630970001,"z":0.004653086885809898,"w":-0.9350631237030029},"size":41.07268524169922,"orthographic":false}