{"cameraMode":{"drawMode":0,"name":"Shaded","section":"Shading Mode"},"sceneLighting":false,"audioPlay":false,"sceneViewState":{"showFog":true,"showMaterialUpdate":false,"showSkybox":true,"showFlares":true,"showImageEffects":true,"showParticleSystems":true},"in2DMode":false,"pivot":{"x":-0.048009131103754047,"y":-0.2096133828163147,"z":-0.9151690602302551},"rotation":{"x":-0.1298893392086029,"y":-0.7403545379638672,"z":0.1497121900320053,"w":-0.6423318386077881},"size":0.1597890853881836,"orthographic":false}