{"cameraMode":{"drawMode":0,"name":"Shaded","section":"Shading Mode"},"sceneLighting":false,"audioPlay":false,"sceneViewState":{"showFog":true,"showMaterialUpdate":false,"showSkybox":true,"showFlares":true,"showImageEffects":true,"showParticleSystems":true},"in2DMode":false,"pivot":{"x":-2.312838077545166,"y":3.9148778915405275,"z":3.479375123977661},"rotation":{"x":0.27608010172843935,"y":0.6060106158256531,"z":-0.23646292090415955,"w":0.7075424790382385},"size":2.063398838043213,"orthographic":false}