{"cameraMode":{"drawMode":0,"name":"Shaded","section":"Shading Mode"},"sceneLighting":false,"audioPlay":false,"sceneViewState":{"showFog":true,"showMaterialUpdate":false,"showSkybox":true,"showFlares":true,"showImageEffects":true,"showParticleSystems":true},"in2DMode":false,"pivot":{"x":10.564950942993164,"y":-8.24980640411377,"z":-1.2802667617797852},"rotation":{"x":0.30101335048675539,"y":0.35970979928970339,"z":-0.12382329255342484,"w":0.8744528293609619},"size":40.63911056518555,"orthographic":false}