{"cameraMode":{"drawMode":0,"name":"Shaded","section":"Shading Mode"},"sceneLighting":false,"audioPlay":false,"sceneViewState":{"showFog":true,"showMaterialUpdate":false,"showSkybox":true,"showFlares":true,"showImageEffects":true,"showParticleSystems":true},"in2DMode":false,"pivot":{"x":-11.099142074584961,"y":4.398280620574951,"z":-12.683886528015137},"rotation":{"x":-0.11069726943969727,"y":0.5640516877174377,"z":-0.07664241641759873,"w":-0.8146887421607971},"size":22.0,"orthographic":false}