{"cameraMode":{"drawMode":0,"name":"Shaded","section":"Shading Mode"},"sceneLighting":false,"audioPlay":false,"sceneViewState":{"showFog":true,"showMaterialUpdate":false,"showSkybox":true,"showFlares":true,"showImageEffects":true,"showParticleSystems":true},"in2DMode":false,"pivot":{"x":21.381423950195314,"y":-10.432510375976563,"z":31.684139251708986},"rotation":{"x":0.23707829415798188,"y":0.555657148361206,"z":-0.1691652238368988,"w":0.7787311673164368},"size":23.226511001586915,"orthographic":false}