{"cameraMode":{"drawMode":0,"name":"Shaded","section":"Shading Mode"},"sceneLighting":false,"audioPlay":false,"sceneViewState":{"showFog":true,"showMaterialUpdate":false,"showSkybox":true,"showFlares":true,"showImageEffects":true,"showParticleSystems":true},"in2DMode":false,"pivot":{"x":-18.391868591308595,"y":0.7900000214576721,"z":-11.189628601074219},"rotation":{"x":0.05113369598984718,"y":0.05483091622591019,"z":0.002812193939462304,"w":-0.9971815347671509},"size":0.857363760471344,"orthographic":false}