{"cameraMode":{"drawMode":0,"name":"Shaded","section":"Shading Mode"},"sceneLighting":false,"audioPlay":false,"sceneViewState":{"showFog":true,"showMaterialUpdate":false,"showSkybox":true,"showFlares":true,"showImageEffects":true,"showParticleSystems":true},"in2DMode":false,"pivot":{"x":-4.203269958496094,"y":66.07860565185547,"z":-149.08450317382813},"rotation":{"x":-0.031617309898138049,"y":-0.9683077931404114,"z":0.1810867339372635,"w":-0.16907986998558045},"size":3.777026653289795,"orthographic":false}