{"cameraMode":{"drawMode":0,"name":"Shaded","section":"Shading Mode"},"sceneLighting":false,"audioPlay":false,"sceneViewState":{"showFog":true,"showMaterialUpdate":false,"showSkybox":true,"showFlares":true,"showImageEffects":true,"showParticleSystems":true},"in2DMode":false,"pivot":{"x":-15.411236763000489,"y":-2.483043670654297,"z":2.2830970287323},"rotation":{"x":0.1127621978521347,"y":-0.4704268276691437,"z":0.060756854712963107,"w":0.8730933666229248},"size":40.742794036865237,"orthographic":false}