{"cameraMode":{"drawMode":0,"name":"Shaded","section":"Shading Mode"},"sceneLighting":false,"audioPlay":false,"sceneViewState":{"showFog":true,"showMaterialUpdate":false,"showSkybox":true,"showFlares":true,"showImageEffects":true,"showParticleSystems":true},"in2DMode":false,"pivot":{"x":0.43000006675720217,"y":5.0,"z":-21.59000015258789},"rotation":{"x":0.16181635856628419,"y":0.3465942442417145,"z":-0.06083203852176666,"w":0.9219475984573364},"size":17.85040283203125,"orthographic":false}