{"cameraMode":{"drawMode":0,"name":"Shaded","section":"Shading Mode"},"sceneLighting":false,"audioPlay":false,"sceneViewState":{"showFog":true,"showMaterialUpdate":false,"showSkybox":true,"showFlares":true,"showImageEffects":true,"showParticleSystems":true},"in2DMode":false,"pivot":{"x":136.04296875,"y":474.744384765625,"z":-127.2071533203125},"rotation":{"x":-0.16454176604747773,"y":-0.6072775721549988,"z":0.13040611147880555,"w":-0.7662468552589417},"size":331.6459045410156,"orthographic":false}