{"cameraMode":{"drawMode":0,"name":"Shaded","section":"Shading Mode"},"sceneLighting":false,"audioPlay":false,"sceneViewState":{"showFog":true,"showMaterialUpdate":false,"showSkybox":true,"showFlares":true,"showImageEffects":true,"showParticleSystems":true},"in2DMode":false,"pivot":{"x":-10.61696720123291,"y":-2.071084976196289,"z":7.143209457397461},"rotation":{"x":0.14123183488845826,"y":-0.15299782156944276,"z":0.02209802158176899,"w":0.9778327941894531},"size":40.742794036865237,"orthographic":false}