{"cameraMode":{"drawMode":0,"name":"Shaded","section":"Shading Mode"},"sceneLighting":false,"audioPlay":false,"sceneViewState":{"showFog":true,"showMaterialUpdate":false,"showSkybox":true,"showFlares":true,"showImageEffects":true,"showParticleSystems":true},"in2DMode":false,"pivot":{"x":-18.391868591308595,"y":0.7900000214576721,"z":-11.189628601074219},"rotation":{"x":-0.12789739668369294,"y":0.41534554958343508,"z":-0.05910971388220787,"w":-0.8986859321594238},"size":0.857363760471344,"orthographic":false}