{"cameraMode":{"drawMode":0,"name":"Shaded","section":"Shading Mode"},"sceneLighting":false,"audioPlay":false,"sceneViewState":{"showFog":true,"showMaterialUpdate":false,"showSkybox":true,"showFlares":true,"showImageEffects":true,"showParticleSystems":true},"in2DMode":false,"pivot":{"x":0.1636764258146286,"y":-0.07200038433074951,"z":0.15907041728496552},"rotation":{"x":-0.08716640621423722,"y":0.7103714942932129,"z":0.6926799416542053,"w":0.08926898241043091},"size":0.3264048099517822,"orthographic":true}