{"cameraMode":{"drawMode":0,"name":"Shaded","section":"Shading Mode"},"sceneLighting":false,"audioPlay":false,"sceneViewState":{"showFog":true,"showMaterialUpdate":false,"showSkybox":true,"showFlares":true,"showImageEffects":true,"showParticleSystems":true},"in2DMode":false,"pivot":{"x":0.12491098046302796,"y":0.4320853352546692,"z":0.19383801519870759},"rotation":{"x":-0.1917550265789032,"y":0.5791674256324768,"z":-0.14248913526535035,"w":-0.7794177532196045},"size":11.717323303222657,"orthographic":false}