{"cameraMode":{"drawMode":0,"name":"Shaded","section":"Shading Mode"},"sceneLighting":false,"audioPlay":false,"sceneViewState":{"showFog":true,"showMaterialUpdate":false,"showSkybox":true,"showFlares":true,"showImageEffects":true,"showParticleSystems":true},"in2DMode":false,"pivot":{"x":0.0,"y":-0.35316002368927,"z":0.06000000238418579},"rotation":{"x":0.27608010172843935,"y":0.6060106158256531,"z":-0.23646292090415955,"w":0.7075424790382385},"size":5.287240982055664,"orthographic":false}