{"cameraMode":{"drawMode":0,"name":"Shaded","section":"Shading Mode"},"sceneLighting":false,"audioPlay":false,"sceneViewState":{"showFog":true,"showMaterialUpdate":false,"showSkybox":true,"showFlares":true,"showImageEffects":true,"showParticleSystems":true},"in2DMode":false,"pivot":{"x":-18.391868591308595,"y":0.7900000214576721,"z":-11.189628601074219},"rotation":{"x":0.16942371428012849,"y":-0.6243276596069336,"z":0.14114953577518464,"w":0.7493913769721985},"size":0.28578734397888186,"orthographic":false}