{"cameraMode":{"drawMode":0,"name":"Shaded","section":"Shading Mode"},"sceneLighting":false,"audioPlay":false,"sceneViewState":{"showFog":true,"showMaterialUpdate":false,"showSkybox":true,"showFlares":true,"showImageEffects":true,"showParticleSystems":true},"in2DMode":false,"pivot":{"x":1.7303345203399659,"y":-0.6192471385002136,"z":0.04905496537685394},"rotation":{"x":-0.1298893392086029,"y":-0.7403545379638672,"z":0.1497121900320053,"w":-0.6423318386077881},"size":2.29843807220459,"orthographic":false}