{"cameraMode":{"drawMode":0,"name":"Shaded","section":"Shading Mode"},"sceneLighting":false,"audioPlay":false,"sceneViewState":{"showFog":true,"showMaterialUpdate":false,"showSkybox":true,"showFlares":true,"showImageEffects":true,"showParticleSystems":true},"in2DMode":false,"pivot":{"x":-7.130000114440918,"y":1.4200000762939454,"z":-3.6132993698120119},"rotation":{"x":0.06351855397224426,"y":-0.7383715510368347,"z":0.07024067640304566,"w":0.6677119135856628},"size":8.573657035827637,"orthographic":false}