{"cameraMode":{"drawMode":0,"name":"Shaded","section":"Shading Mode"},"sceneLighting":false,"audioPlay":false,"sceneViewState":{"showFog":true,"showMaterialUpdate":false,"showSkybox":true,"showFlares":true,"showImageEffects":true,"showParticleSystems":true},"in2DMode":false,"pivot":{"x":0.3314732611179352,"y":0.302109032869339,"z":-0.07952819019556046},"rotation":{"x":0.13760912418365479,"y":-0.5097385048866272,"z":0.08299285173416138,"w":0.8451879620552063},"size":0.17896690964698792,"orthographic":false}